label,risk_score
-1,0.1586641872352761
-1,0.3821558179092981
-1,0.0
-1,0.07847393731052632
-1,0.3503779519685377
1,0.5364908428251511
-1,0.2827183696889448
-1,0.24687724065783234
-1,0.31851945925934944
-1,0.22315794916126785
-1,0.0
-1,0.24774579696493415
-1,0.0
-1,0.4609443388444574
-1,0.1982955669401285
-1,0.40063395497926724
-1,0.0
-1,0.2038038670549116
-1,0.0
-1,0.28731169274445456
-1,0.018620266026972754
1,0.5453110551197446
1,0.7795436206543769
-1,0.0
-1,0.0
-1,0.0
1,0.5799639267338002
-1,0.09265035030360735
-1,0.3287443500841576
-1,0.1125416556137484
-1,0.21753953170646856
-1,0.0
-1,0.2642932950889798
-1,0.3402657076572466
-1,0.0
-1,0.10253068731267101
-1,0.24830250664653297
-1,0.17129344806694524
-1,0.04013487638047675
1,0.5832930193347408
-1,0.27250202944557733
-1,0.15166777080992278
-1,0.32914028266790085
-1,0.0
-1,0.36694035553845117
-1,0.26298208139588075
-1,0.0
1,0.8325352668384463
-1,0.0
-1,0.3719258578429052
-1,0.0
-1,0.20188551407667354
-1,0.16452941453755665
-1,0.3381232953922555
-1,0.0
-1,0.19419322773233016
-1,0.36751377626883075
-1,0.24799150905534795
-1,0.0
-1,0.0
-1,0.0
-1,0.0
-1,0.11857725807909736
-1,0.0
-1,0.1435219318032921
-1,0.2822905220721972
-1,0.010100987918448823
-1,0.0
-1,0.45501028632421336
-1,0.23059020760191595
-1,0.33037114810267276
-1,0.07150211338125079
-1,0.0
-1,0.0
-1,0.21154739930666766
-1,0.0
-1,0.21383588464302195
-1,0.3400682867999003
-1,0.11899181355549926
-1,0.356220442113246
-1,0.38459180946114735
-1,0.18025017893761586
-1,0.11597276740774731
-1,0.09144644675352787
-1,0.36085483973270716
-1,0.06317276096667257
-1,0.11727859674509489
-1,0.31529461713150253
-1,0.2650640104362658
-1,0.05283835593033537
-1,0.18142385587631304
-1,0.0
-1,0.019742273799212118
-1,0.4400814737321421
-1,0.34138680867600657
1,0.7641461454953662
-1,0.07756640725845676
-1,0.0
-1,0.0
-1,0.07581883021540259
-1,0.33739808889093936
-1,0.0
-1,0.0
-1,0.2714377627665243
-1,0.0
-1,0.0
-1,0.0
-1,0.0
-1,0.27631725964261733
-1,0.0047754607008960726
-1,0.29789470263594353
-1,0.0
-1,0.037281714735302174
1,0.5081425883008706
-1,0.0
-1,0.4533738237685192
-1,0.0
-1,0.0
-1,0.0
-1,0.0
-1,0.40075076814960076
-1,0.10872194561472837
-1,0.453848811576012
-1,0.20357915787873848
1,0.5732107816946019
-1,0.06239870708178952
-1,0.10457145614671814
-1,0.0
-1,0.24619932752961837
-1,0.0
-1,0.03703949549795249
-1,0.4648777078909436
-1,0.0
-1,0.0
-1,0.19253585589000277
-1,0.17378506121459303
-1,0.4592019539928809
-1,0.2640346455807583
-1,0.0
-1,0.3529819509276
-1,0.2913041993777319
-1,0.0
-1,0.04214225307797559
-1,0.29940533618009546
-1,0.18159020328516373
1,0.6262532544858543
-1,0.0
-1,0.3516216364150715
-1,0.32736296659393993
-1,0.4723725829432075
-1,0.2741263129884941
-1,0.0
-1,0.3336143500298352
-1,0.0
-1,0.48866927925376835
-1,0.31945255243824233
-1,0.27780624282123734
-1,0.14460875083333402
-1,0.2801061115068175
-1,0.03328322555798513
-1,0.0
-1,0.10927352706094995
-1,0.02673675875145065
-1,0.0
-1,0.09415734737925163
-1,0.33363735503083847
-1,0.23552485991472993
-1,0.0
-1,0.0
-1,0.0
-1,0.0
-1,0.01776783075213695
-1,0.0
-1,0.2592196537462699
-1,0.0
-1,0.13279123358349976
-1,0.3023910730432604
-1,0.0
-1,0.4157520858356136
-1,0.16885804691816286
-1,0.0
-1,0.0
-1,0.0
-1,0.07535788996385362
-1,0.0
-1,0.0
-1,0.13565536868223527
-1,0.0
-1,0.0
-1,0.0
-1,0.0
-1,0.002260286188938476
-1,0.25321914818921165
1,0.5936704048394694
-1,0.049612566259307656
-1,0.24879605562197682
-1,0.0
-1,0.19926444794945075
-1,0.2094840128063229
-1,0.0
-1,0.23297122398339942
-1,0.0
-1,0.0
-1,0.16808646831103236
-1,0.29483376730502453
1,0.9003159162653045
-1,0.07458040524986664
-1,0.09442192422661044
-1,0.06445156507729566
1,0.7818902277969697
-1,0.2731630173490154
-1,0.0
1,1.0
-1,0.2190711769272875
-1,0.22573653801702687
-1,0.4268373621262511
-1,0.0
-1,0.0
-1,0.0
-1,0.29410597962386875
-1,0.0
-1,0.0
-1,0.21081899003760052
1,0.6071638272368398
-1,0.0
-1,0.49695100378402524
-1,0.0
-1,0.014235965479351798
-1,0.028114263544650075
-1,0.0
-1,0.10956978343212942
-1,0.0
-1,0.06324379467618613
-1,0.317633331137269
-1,0.0
-1,0.0
-1,0.0
-1,0.42549776921051574
-1,0.43562116391756867
-1,0.22658397558218324
-1,0.33123721296297415
-1,0.3844832457899705
-1,0.0781963633536793
-1,0.15250389398932773
1,0.6299279610218731
1,0.5143024375556937
-1,0.0
-1,0.0
-1,0.43504980422840056
-1,0.1520878206614058
1,0.7360979939623058
1,0.516327052460221
1,0.8555854930163076
-1,0.19380904163407653
-1,0.05799335847643938
-1,0.021874739871529325
-1,0.0
-1,0.0
1,0.5717828150521602
-1,0.0
-1,0.27428523286281115
-1,0.19569789521141168
-1,0.0
-1,0.0
-1,0.20213947808917965
1,0.5030738777857637
-1,0.10663488884913219
-1,0.1336286149361534
-1,0.0
-1,0.26423785913924336
1,0.6586956207640031
-1,0.0
-1,0.473094837750609
-1,0.0
-1,0.16067617963784286
-1,0.0
-1,0.19133024906776352
-1,0.2021696514300948
-1,0.02229217043353371
-1,0.3672790224250959
-1,0.08681711785333679
-1,0.0
-1,0.0
-1,0.1470542665090786
-1,0.0
-1,0.29039397349648555
-1,0.3503512249176204
-1,0.23524342675221455
-1,0.0
-1,0.31570690199637275
-1,0.0
-1,0.36832458469249074
-1,0.0
-1,0.0
-1,0.4382467021629335
-1,0.0
-1,0.3950518266891505
-1,0.0
-1,0.17882057582086652
1,0.695199363723336
-1,0.0
-1,0.12465291128301592
-1,0.39413450400357686
-1,0.22986570421722874
-1,0.3005636969883776
-1,0.0
-1,0.09911952206949826
-1,0.0
1,0.6401680862283738
-1,0.3300674833473445
-1,0.0
-1,0.0
-1,0.0
-1,0.27076005480044607
-1,0.4587104880360964
-1,0.0
-1,0.3240778516855727
-1,0.07340450795184061
1,0.5453804047141873
-1,0.004237004795406563
-1,0.0
1,0.5716816054090113
-1,0.32146257061470784
-1,0.15080020666251714
1,0.5981539194761285
-1,0.44370175897108677
-1,0.34567809043718034
-1,0.0
-1,0.1866517888668051
-1,0.3281310879920518
-1,0.0
-1,0.40245545887120704
-1,0.3259237583615522
-1,0.15187767939482377
-1,0.07948639888476139
-1,0.0
-1,0.23914459986312497
-1,0.0
-1,0.0
-1,0.0
-1,0.0
-1,0.0
-1,0.37871158984332354
-1,0.029248842532474395
1,0.6166751089255129
-1,0.0029690477722463804
-1,0.00405059059667412
-1,0.21477122643082458
-1,0.2188183086887392
-1,0.0
-1,0.352502950093331
-1,0.18541465687070335
-1,0.24962811460236178
-1,0.18959551627729088
-1,0.18901078345059208
-1,0.0
-1,0.0
-1,0.0
-1,0.24916947438905312
-1,0.37993064473074556
-1,0.41879238373433036
-1,0.056052042139384195
-1,0.023164990681709074
-1,0.26150165874647424
-1,0.0
-1,0.0
-1,0.0
-1,0.11586430849819962
-1,0.0
1,0.9087495826816832
-1,0.09554803211298202
-1,0.1298131732153478
-1,0.0
-1,0.0
-1,0.4467730990813763
1,0.554132855590598
-1,0.14864188656254473
-1,0.10353728558686548
-1,0.32867824016920055
-1,0.382063325241484
-1,0.0
1,0.5883406663302408
-1,0.047733954535663425
-1,0.0
-1,0.3078792839805726
-1,0.20283279686985622
-1,0.11446593942383654
-1,0.0
-1,0.194560318949613
1,0.9157886190536861
-1,0.0
-1,0.42898557592750164
-1,0.0
-1,0.4934957402123068
-1,0.0
-1,0.0
-1,0.0
-1,0.17528982616644972
-1,0.4133277176988921
-1,0.012549040010520596
1,0.665826536467272
-1,0.0
-1,0.0
-1,0.0
-1,0.0
-1,0.2846811543653258
-1,0.16678690358887005
-1,0.3666158762304166
-1,0.032045579979484984
-1,0.009754766547457994
-1,0.0
-1,0.27440695234245416
-1,0.3643772803637204
-1,0.0
-1,0.0
-1,0.0
-1,0.13096780422280885
-1,0.0
-1,0.12478986868377495
-1,0.0
-1,0.22318559504802815
1,0.5977179980984206
-1,0.053688633551050025
-1,0.218286827000993
-1,0.0
-1,0.0
-1,0.25568449094096213
-1,0.1552000232952877
-1,0.11487207866055993
-1,0.0
1,0.6348776826625593
-1,0.0
-1,0.0
-1,0.2344630432751149
-1,0.0
1,0.5517162428991926
-1,0.03949192616970576
-1,0.008455437198847005
-1,0.0
-1,0.0
-1,0.022154675761358877
-1,0.0
-1,0.0
-1,0.0
-1,0.16454512332542848
-1,0.0
-1,0.0
-1,0.0
-1,0.06350569273557527
-1,0.0
-1,0.19472104742435015
-1,0.23436512906443063
-1,0.21263230442974423
-1,0.0
-1,0.19010465264022036
-1,0.15822937985354146
-1,0.30211366513635607
-1,0.2714767835510026
-1,0.1610575869458697
-1,0.09172648940755934
-1,0.455226468947747
-1,0.11091111067500892
-1,0.41214525936547863
-1,0.44165709208772874
-1,0.3349673916240894
-1,0.11697168029997362
-1,0.15263903812824964
-1,0.1360185348012073
-1,0.11742042125895047
-1,0.49097001765932546
-1,0.4343417278665238
-1,0.0
-1,0.27926311922797886
1,0.5705521178847905
-1,0.08460653298033805
-1,0.2433495650004529
-1,0.29549809877885425
-1,0.0
-1,0.0
-1,0.0
-1,0.0
-1,0.0
-1,0.4493828447414767
-1,0.0
-1,0.0
-1,0.0
-1,0.0
1,0.535012677327412
-1,0.0
-1,0.0
-1,0.0
-1,0.1436577816875544
-1,0.30080255198416816
-1,0.14568626467683288
-1,0.20729772272108615
-1,0.18887179723320546
-1,0.03800029831948937
-1,0.20397409901899755
-1,0.0600358141002304
-1,0.0
-1,0.0956415048062369
-1,0.2970366619826672
-1,0.0
-1,0.0
-1,0.028987319652126864
-1,0.0571576157240683
-1,0.0
-1,0.0
-1,0.03748231909301092
-1,0.03405417814085876
-1,0.2559972935963035
-1,0.2907253333283122
-1,0.0
-1,0.0526963011895587
-1,0.23671831106604824
1,0.5223902133044875
-1,0.0
1,1.0
-1,0.0
-1,0.0
-1,0.09453431390259537
-1,0.07704558766562553
-1,0.18535780175530014
-1,0.0
-1,0.0072272560260984164
-1,0.016988537610492127
-1,0.47892993001993656
-1,0.0
-1,0.2235023495259174
-1,0.0
-1,0.22205520246920063
-1,0.0
-1,0.0
1,0.5538870171937136
-1,0.14967226441167725
-1,0.0
-1,0.012129184352375422
-1,0.12159403287349191
-1,0.0
-1,0.25927728756149504
1,1.0
-1,0.0
-1,0.12625880194089234
-1,0.12630623154862564
-1,0.3751106695822979
-1,0.2363207571913044
-1,0.18753620047108033
-1,0.1305428406294582
-1,0.11886012076103514
1,0.5541169083020021
-1,0.35938436247413597
1,0.5863543456635556
-1,0.26183500112956715
-1,0.0
-1,0.15232404760850393
-1,0.0
-1,0.0
-1,0.0
-1,0.0
-1,0.3631320110123255
-1,0.37824645192343054
1,0.596957246709497
-1,0.02512164694262653
-1,0.0
-1,0.2672768603305866
-1,0.13799678912667135
1,0.6840436646529144
-1,0.38507866921711553
-1,0.3111126255482657
-1,0.22257028905342002
-1,0.3275454265241713
-1,0.14421795289971406
-1,0.0
-1,0.1182438373723631
-1,0.0
-1,0.1468536906899085
-1,0.0
-1,0.0
1,0.6924410074306402
-1,0.3435161519769494
-1,0.2700833945807215
-1,0.44917563084174494
-1,0.1200142621852982
-1,0.2822726566879785
-1,0.1677591977398114
-1,0.34031617257153224
-1,0.3102864517440467
-1,0.0008230003811302566
-1,0.44435092781969754
-1,0.0
-1,0.09817762547998266
-1,0.0
1,0.663606043911801
-1,0.0
-1,0.006629205281063033
-1,0.0
-1,0.25024781380996597
-1,0.057425125876900296
-1,0.10713890030772832
-1,0.30099303376636755
-1,0.2853655609586707
-1,0.17831252163997613
-1,0.0
-1,0.20587132347440873
-1,0.03554898318383204
-1,0.18495022684565443
-1,0.019193153039801736
-1,0.0
-1,0.14359476577777563
-1,0.10768144737209662
-1,0.4688783898455622
1,0.5192277106112915
-1,0.2743280763487026
-1,0.335460063630598
-1,0.0
-1,0.1595705135488945
-1,0.067215225253209
-1,0.0
1,0.6363344214465769
1,0.5615217215626886
-1,0.12082734180218546
-1,0.0
-1,0.0
-1,0.0
-1,0.1931824329422236
-1,0.26404357907225817
-1,0.0
-1,0.16164119316580638
-1,0.0
-1,0.0
-1,0.0
-1,0.0
-1,0.19153616210869373
1,1.0
-1,0.0
-1,0.30326569280099136
-1,0.0
-1,0.0
-1,0.041942916108291595
-1,0.0
-1,0.0
-1,0.32553350135837267
-1,0.26281255263895886
-1,0.45387677169548013
1,0.5867682268397307
-1,0.0
-1,0.17036625346600243
-1,0.3133799286217984
-1,0.006395514311583916
-1,0.036711771086276546
-1,0.11562911004848297
-1,0.0
-1,0.1252066083602359
-1,0.0
-1,0.4768093534783535
-1,0.19271220088655738
1,0.5482531973982541
-1,0.27567648166412084
1,0.5098593192923118
-1,0.32979685762731403
-1,0.0
-1,0.0
-1,0.0
-1,0.0
-1,0.08675836826573802
-1,0.14465179392932015
-1,0.05945161047011105
1,0.5654015735035518
-1,0.044456005444307056
-1,0.3881124455299374
-1,0.07754180660437981
-1,0.0
-1,0.18200262807885004
-1,0.0
-1,0.0
-1,0.10919720955682388
1,0.5524178638553949
1,0.6468384421156559
-1,0.44623107776424886
-1,0.1257074038844972
-1,0.3878360044056559
-1,0.31882347778381126
-1,0.12323936605755881
-1,0.19023954651149877
-1,0.0
-1,0.22031582994589005
-1,0.0
-1,0.0
-1,0.0
-1,0.0
-1,0.0
-1,0.11956255071478283
-1,0.0
-1,0.18449598886908047
1,1.0
-1,0.03165431324009438
-1,0.1615291554162117
-1,0.03932209304167822
-1,0.4516648610857965
-1,0.0339133375767231
1,0.739865225972395
-1,0.13366336123088285
-1,0.0
-1,0.021777534615506244
-1,0.0
-1,0.31022262007013657
-1,0.48939308701309203
-1,0.0
-1,0.05830730166549447
-1,0.33306913663375726
-1,0.0
-1,0.4607368312249731
-1,0.46275451115077404
-1,0.1947575201043552
-1,0.0
-1,0.0
-1,0.17161959563892104
-1,0.020845130974931347
-1,0.01626013167781082
-1,0.18157852386119355
-1,0.3982293431926802
-1,0.13502795942323775
-1,0.0
-1,0.0
-1,0.4015970971067939
-1,0.038906787048658575
-1,0.0
1,0.6707282676402273
-1,0.0
-1,0.2723667565573167
-1,0.42835013364817565
-1,0.13909344179872063
-1,0.2724860054933522
-1,0.1684552644936752
-1,0.02652012850389518
-1,0.3746377099739524
-1,0.020944791374432725
-1,0.0
-1,0.4896894324585217
-1,0.22135465424221
-1,0.09625841569919347
-1,0.0
-1,0.030320750100662153
-1,0.0
-1,0.0
-1,0.3395571055730833
-1,0.0
-1,0.1544904249653425
1,0.5666553659280078
-1,0.0
1,0.8045190129571897
-1,0.0
-1,0.31067751066460536
1,0.7418403934058202
-1,0.03333235557830605
-1,0.0
-1,0.0
-1,0.21669247176925133
1,0.536157340606692
-1,0.1347578242914702
-1,0.4894078354479596
-1,0.0
-1,0.023794326653751252
-1,0.07895949817228409
-1,0.013804458889048465
-1,0.17978872532568158
-1,0.3815567919378817
-1,0.4633091628329531
-1,0.0
-1,0.48071608596856974
-1,0.0
-1,0.0
-1,0.45462579795979163
-1,0.1786433563691694
-1,0.08766487709948745
-1,0.30854979199682875
-1,0.21155653819860687
-1,0.0
-1,0.20248870420525078
-1,0.0
-1,0.43433014436381834
1,0.5062524154013914
-1,0.470722390392186
-1,0.0
-1,0.1291356595635076
-1,0.05540709934515231
-1,0.0
-1,0.0
-1,0.16232306390098783
-1,0.04486388211100012
-1,0.0
1,0.5307972115142574
-1,0.16224779520744237
-1,0.0
-1,0.11023113182893729
-1,0.0326523437496431
1,1.0
-1,0.22135185571644156
-1,0.0
-1,0.36338474236167473
-1,0.0
-1,0.0
1,0.6475149156963864
-1,0.3903708608234986
1,0.6955656196871853
-1,0.305855373966764
-1,0.2254762418165992
-1,0.3918377388342127
-1,0.26298244590705844
-1,0.3257292508106189
-1,0.0
-1,0.20600581126122508
-1,0.4350924795466309
-1,0.463802812666648
-1,0.12269165443034735
-1,0.0031835491028417984
-1,0.0
-1,0.0
1,1.0
1,0.5051126691571861
1,0.7203313247170109
-1,0.0
-1,0.0
-1,0.09127384467427557
-1,0.11381857788837468
-1,0.0
-1,0.0
1,0.5431017122291588
-1,0.282172960251283
1,0.6198424629757646
1,0.8438843119757597
1,0.5002499543314514
-1,0.31384697478211443
-1,0.0
-1,0.0
-1,0.48244594508271055
-1,0.0
-1,0.0
-1,0.1069793639164045
-1,0.0
-1,0.12624910090560482
-1,0.0
-1,0.17770449608506
-1,0.0
-1,0.0
-1,0.0
-1,0.0
1,0.5887327372792179
-1,0.11132736546122413
-1,0.42252051203315055
-1,0.34526519591035143
-1,0.2454131321491766
-1,0.0
-1,0.0
-1,0.03314240022365045
-1,0.0
-1,0.10784157705159192
-1,0.40771076952922414
-1,0.0
-1,0.2887597151173158
-1,0.17173641711499243
-1,0.18762358574822846
-1,0.0
-1,0.024319352424523988
-1,0.0
-1,0.4126499369390819
-1,0.2039835416294804
-1,0.002972640643864377
-1,0.0
-1,0.3340555833123764
-1,0.16624681720907253
-1,0.0
-1,0.030161957144746676
-1,0.45685114201674093
-1,0.0
-1,0.3993479216523488
-1,0.1096395191576196
-1,0.043227351515793266
-1,0.06222230643691473
-1,0.29437748991285373
-1,0.0
-1,0.0
-1,0.0
-1,0.09461258582026177
-1,0.0
-1,0.2431002158857427
-1,0.2593467610546951
-1,0.11401324243731592
-1,0.2240492156070295
-1,0.0
-1,0.041558116659033306
-1,0.0
-1,0.03912932507517164
-1,0.0
-1,0.10941252046140093
-1,0.08021568972835391
-1,0.0
-1,0.0
-1,0.0
-1,0.39484011195663316
-1,0.18612329424213359
-1,0.0
-1,0.0
-1,0.3642143378167484
-1,0.0
1,0.7200655871707147
-1,0.0
-1,0.30005576250105426
-1,0.0
-1,0.24678557307576465
-1,0.0
-1,0.2668705671739189
-1,0.0013360937273851903
-1,0.2780006138983464
-1,0.0
-1,0.4499774038618636
-1,0.30533981739901783
-1,0.05392857726730638
-1,0.0
-1,0.0
-1,0.22011253502508277
-1,0.24026156845569568
-1,0.40010516758681813
-1,0.0
1,0.7455949795257593
-1,0.02709633739883488
1,0.5760350894862345
1,1.0
-1,0.13110202717761243
1,0.710933325788131
-1,0.38399823991117854
-1,0.08823450486269024
-1,0.09743476685826113
-1,0.0
-1,0.0
-1,0.0
-1,0.10957476005248301
-1,0.15731977842782685
-1,0.36175708221707126
-1,0.0
-1,0.49302016358470535
-1,0.03966072313028812
1,0.5853252798294823
1,0.72577880409685
-1,0.24967278983976637
-1,0.11738650633320002
-1,0.08837219458622192
-1,0.34324645985350566
-1,0.48539403427933614
-1,0.39576893617982023
-1,0.32337138468935045
-1,0.0
-1,0.0
-1,0.46500614591846334
-1,0.0
1,0.6094953116180282
-1,0.3912304298121776
1,0.5670432068237172
1,0.5454470782367409
-1,0.0
-1,0.31259570836203876
-1,0.30040371475293304
-1,0.0
-1,0.27683417497416274
-1,0.2957612233471463
-1,0.1570554639716537
-1,0.3817788691583601
1,0.7797502312219933
1,0.5704565346249617
-1,0.07380021619872679
-1,0.023102022453743487
-1,0.24126280147282397
-1,0.177173180340092
-1,0.0
-1,0.26491371048230716
-1,0.12134506773546505
-1,0.2838079790341501
-1,0.4437958266886439
-1,0.0
1,0.6726453771672798
-1,0.031341361501156406
-1,0.053992366502459976
-1,0.0
-1,0.23050610306585018
-1,0.062333370834918966
-1,0.36867388365249765
-1,0.0006432978086814423
-1,0.3076196490582652
-1,0.0
-1,0.0
-1,0.21943922966957086
-1,0.07713268726281175
-1,0.0
-1,0.0
-1,0.17676415128281198
-1,0.04780009503402782
-1,0.0
-1,0.0
-1,0.10913593481462103
-1,0.0
-1,0.1979696361464831
-1,0.06391461281793909
-1,0.03918482134416479
-1,0.2571907349150826
1,0.8900179238844359
-1,0.0
1,0.5326874346628174
-1,0.2460154529541687
1,0.5675281017735778
1,0.7537961378948563
-1,0.0
-1,0.010742622129233048
-1,0.25265159261920234
-1,0.1205043356531803
-1,0.0
-1,0.41221967168740026
-1,0.42449347015504557
-1,0.26711747171674993
-1,0.19164405505365334
-1,0.0
1,0.5244267640402054
-1,0.08175102183282679
-1,0.07053184310588723
-1,0.4171310661157932
-1,0.21447804650836177
-1,0.16276654943307545
-1,0.2207224876964573
1,0.6339770496740624
-1,0.0
-1,0.3668366447939584
-1,0.387744262624957
-1,0.13127563719476054
-1,0.1187664652650895
-1,0.0
-1,0.0
-1,0.04733615130738045
-1,0.0
-1,0.15976558168086719
-1,0.0
1,0.6228074392987515
-1,0.0
-1,0.0
-1,0.06409114812469285
-1,0.02318869983668037
1,0.8818598528923816
-1,0.18234785033062018
1,0.8451620857508768
-1,0.4897164059096055
-1,0.025385249859241288
-1,0.2532979112012468
1,0.5025792861684044
-1,0.3015007701400858
-1,0.24625342224903868
-1,0.3026612371955446
-1,0.27961243585730156
-1,0.19685277284414449
-1,0.11163797648891327
-1,0.05130303383839818
1,0.6532235502250083
-1,0.10430121623639854
-1,0.0
-1,0.0
-1,0.0
-1,0.30814173171841697
-1,0.03644146061328435
-1,0.07886719825849697
-1,0.0
-1,0.0
-1,0.4620789286054068
-1,0.12055231503557895
-1,0.0074268251782521055
-1,0.0
-1,0.04098428043950353
-1,0.11830922352707773
-1,0.016989573710466388
1,0.5566383619517539
-1,0.10414984183887555
-1,0.12849626314941576
-1,0.0
-1,0.31872114500484283
-1,0.0
-1,0.0
-1,0.0
-1,0.14759185234283922
-1,0.08202341921859668
-1,0.16761663488572243
-1,0.0
-1,0.4400204249252626
-1,0.46532812518455646
-1,0.3212977399940171
-1,0.02323437098451686
-1,0.0
-1,0.3994067702566788
-1,0.0
-1,0.08357854402478404
-1,0.023119470976529666
-1,0.0
-1,0.027633650284061062
-1,0.0
-1,0.16602951766534435
-1,0.00583625776426544
-1,0.0
-1,0.3169417035354205
-1,0.18024938305148686
-1,0.48203919867647294
-1,0.0
-1,0.10991146834532595
-1,0.0
-1,0.0
1,0.5011064506917684
-1,0.0
-1,0.08005905943280256
-1,0.0
-1,0.26458212656485447
-1,0.4276760189863249
-1,0.0
-1,0.0
-1,0.10501833686322382
-1,0.0
-1,0.0
-1,0.13263136739263448
-1,0.0
-1,0.18544108015862104
-1,0.0
-1,0.013217456893213075
-1,0.0493629684082566
-1,0.0
-1,0.30509940341040664
-1,0.48476078503759146
-1,0.3912368161827189
-1,0.0
-1,0.48869975177746117
-1,0.3096453224391129
-1,0.45709119398153675
-1,0.0
-1,0.17435799499839533
-1,0.4422712879237052
-1,0.0
-1,0.034724738137795974
-1,0.008225473820493878
-1,0.0
-1,0.4380620534809836
1,0.7988154030027548
-1,0.03965827665328181
-1,0.4589026587941407
-1,0.04995479404567904
-1,0.0
-1,0.0
-1,0.08285518002849956
-1,0.0
-1,0.3942878526130489
-1,0.0
-1,0.0
-1,0.06886185804771916
-1,0.051666695810720586
-1,0.0
-1,0.0
-1,0.010494574082251962
-1,0.2194794231281394
-1,0.4186852857242296
-1,0.17923935387551593
-1,0.0
-1,0.0
-1,0.2966415406310223
-1,0.0
-1,0.0
-1,0.24689496150498647
-1,0.0
-1,0.2769092881879689
-1,0.0
1,0.6053576592572338
1,0.6770525063092916
-1,0.0
-1,0.0
-1,0.0
-1,0.0
-1,0.0
-1,0.2128843317550535
-1,0.0
1,0.5224472496781964
-1,0.17050856017535843
-1,0.0
-1,0.4466881038883086
-1,0.0
-1,0.22660907567187172
-1,0.25887042003949023
-1,0.0
-1,0.0
-1,0.0
-1,0.0
-1,0.0
-1,0.04626073043266654
-1,0.0
-1,0.1508225071856244
-1,0.044076075218734356
-1,0.0
-1,0.1864170114689263
-1,0.24339296859425597
-1,0.0
-1,0.1873770108900943
-1,0.4583584877930629
-1,0.47046428642501636
-1,0.276011459947922
-1,0.07690051199112036
-1,0.10445607749041486
-1,0.0
-1,0.0
-1,0.049218987530510905
-1,0.032652390352377214
-1,0.3115990285319099
-1,0.10088904768175366
-1,0.44283318127085725
-1,0.0
-1,0.0
1,0.627174711689729
-1,0.26018639345153316
-1,0.16503591234321835
-1,0.0
-1,0.11406688157538136
-1,0.01217948516715106
-1,0.0282857161685377
-1,0.3962668723963194
-1,0.3868641652131517
-1,0.3688845900644786
-1,0.0
1,0.8137296126023499
-1,0.0
-1,0.0
-1,0.12717103048235767
-1,0.2563173018941347
-1,0.0
-1,0.11814731831059255
-1,0.0
-1,0.0
-1,0.0
-1,0.41567731073559466
-1,0.07540106494283227
-1,0.2686044865470927
-1,0.06252653846985012
-1,0.0
-1,0.0
-1,0.0
-1,0.18667247479932314
1,0.6940584417654478
-1,0.18642242388835895
-1,0.27924137465925636
-1,0.1303155743808624
-1,0.49830290584042825
-1,0.17993782073517295
-1,0.0
1,0.6645717876512482
-1,0.0
-1,0.10237109750260487
-1,0.0
-1,0.0
-1,0.11094464798069792
-1,0.1927040597176677
-1,0.12330454240278632
-1,0.0
-1,0.0
-1,0.0
-1,0.0
-1,0.0
-1,0.0
-1,0.0
-1,0.0
-1,0.48842475823314935
-1,0.06973803468416984
-1,0.0
-1,0.49597716802685365
-1,0.08266016517520036
-1,0.023472819086441277
1,0.7408194036205651
-1,0.0
-1,0.43422734546776987
-1,0.0
-1,0.0
-1,0.0
-1,0.12860120419387755
-1,0.11101595499254557
-1,0.0
-1,0.2759864786945938
-1,0.2962320438734021
-1,0.09021314217098686
-1,0.33185423945613834
1,0.6825116066721875
-1,0.1633113482483055
-1,0.35194207423598467
-1,0.19347474578039936
1,0.515431728686325
-1,0.1430209494049981
-1,0.03156454325501912
-1,0.20461532907148428
-1,0.0
-1,0.0
-1,0.0
-1,0.0
-1,0.0
-1,0.018643102473345774
-1,0.06976348834633628
-1,0.0659413215737854
-1,0.3312072328637141
-1,0.10168668944257586
-1,0.0
-1,0.2818331722051268
-1,0.0
-1,0.10338281224068036
-1,0.11450974577142592
-1,0.06748572653648077
-1,0.0
-1,0.34777311104922104
-1,0.17003762920552568
-1,0.02502737773570951
-1,0.0
-1,0.0
1,0.710980538247242
1,1.0
-1,0.22127699527433897
-1,0.4134009041691713
-1,0.012373980987482547
-1,0.0
1,0.6470355842422846
-1,0.08950160273408203
-1,0.24475811280409232
-1,0.4171261827812618
-1,0.0
-1,0.2683069668839049
-1,0.12300852841166199
-1,0.056772748054897626
-1,0.23332442499110062
-1,0.0
-1,0.2623600053282735
-1,0.37745535337430525
-1,0.10766518401990588
-1,0.0019467009830180793
-1,0.0
-1,0.39186356221676233
-1,0.35556503389495875
-1,0.17265332201424366
-1,0.0
-1,0.0
1,0.6345792919452902
-1,0.02156761624226533
-1,0.1475483602069243
1,0.9368921013663567
-1,0.39189493433666467
-1,0.0
-1,0.0
-1,0.27633534115431013
-1,0.03136892623010601
-1,0.43481739418844656
-1,0.10963089021228578
-1,0.0
1,0.5810821557304697
-1,0.2803323721083997
-1,0.0
-1,0.0
-1,0.06435361880347257
-1,0.22339203427223708
-1,0.21221581214868168
1,0.8092352265524083
-1,0.0
-1,0.377480169906502
-1,0.0
-1,0.0
-1,0.14117209093987437
-1,0.0
-1,0.0
-1,0.4988966604023619
-1,0.10474030094123465
-1,0.23872875726885168
-1,0.012987712811673546
-1,0.30380352175845404
-1,0.12051512999811287
-1,0.16164128764564456
-1,0.0
-1,0.04909409266901443
-1,0.0
-1,0.11477275470142212
-1,0.27641397148699953
-1,0.4047984578998505
-1,0.0
-1,0.49635627851363884
1,0.5286099275824574
-1,0.0044357085247703765
1,0.5867779058600378
-1,0.0
-1,0.0
-1,0.46122628612670535
-1,0.277280646137402
-1,0.48810321539969737
-1,0.32604755621620063
1,0.5925992014360641
-1,0.09339507447218542
-1,0.38938464773736436
-1,0.0
-1,0.09700360655315077
-1,0.2594573575499979
-1,0.03581659912813162
-1,0.44823486860963735
-1,0.13029314096523947
-1,0.0
-1,0.0
-1,0.33312298961363496
-1,0.11616172129642433
-1,0.10997999633166122
-1,0.1754726222086349
-1,0.33939304725548336
-1,0.0
-1,0.21267130011998692
-1,0.0
-1,0.003222045143229213
1,0.8492932653888419
-1,0.12680319759501746
1,0.8997446743961866
-1,0.0
-1,0.0
-1,0.0
1,0.5102586050696551
-1,0.0
-1,0.08899977216144173
-1,0.0
-1,0.0
-1,0.0
-1,0.2718344144647551
-1,0.0
-1,0.262597849113273
1,0.5490856223538154
-1,0.0
-1,0.08450512366133456
-1,0.0
-1,0.09031267899896456
-1,0.14450148648691608
-1,0.0
-1,0.05306842877612361
-1,0.25888308824810746
-1,0.0
-1,0.0
-1,0.0
-1,0.0
-1,0.14225804936329123
-1,0.0
-1,0.0
-1,0.18880167795895098
-1,0.14517051862774455
-1,0.0
-1,0.30274882159102257
-1,0.0
-1,0.05985684591918439
-1,0.2904578069018524
-1,0.0
-1,0.15882393319216037
-1,0.4359966305604579
-1,0.36760845536548636
-1,0.3984548986523433
-1,0.0
-1,0.29075260308856565
-1,0.1825828427147651
-1,0.22042710031732682
-1,0.2407330749788592
-1,0.18200793031635154
-1,0.2346137120911247
-1,0.11481378264544517
-1,0.0
-1,0.3722356810774632
-1,0.0
1,0.8949619753182829
-1,0.3716852167467515
-1,0.14287589909643028
-1,0.16661109981041422
-1,0.2867707533692827
-1,0.0
-1,0.44999199015280933
-1,0.3326897583488706
-1,0.0
-1,0.01850352047786119
-1,0.0
1,0.6450175647183265
-1,0.049292562700606
-1,0.031045303209711772
-1,0.0
-1,0.0
-1,0.22245270708861087
-1,0.05020931829928443
-1,0.2774511857551225
-1,0.0
-1,0.03667440553407353
-1,0.21363640701680664
-1,0.46405936056152974
-1,0.4028528605164041
-1,0.251227790678759
-1,0.40137079888457805
-1,0.0
-1,0.04401622189263765
-1,0.0
-1,0.2235858093478793
-1,0.09213706698489776
-1,0.07660158208123313
-1,0.07785808001187577
1,0.8525462194201503
-1,0.044034695618689224
-1,0.0
-1,0.0
-1,0.14717186060134457
-1,0.25104722799709434
-1,0.0
-1,0.19341231176163465
-1,0.103995970853207
-1,0.0
1,0.500039950015382
-1,0.0
-1,0.2340587405702932
-1,0.04570899052953381
1,0.5013744584173105
-1,0.12880345713405816
-1,0.33311056394755223
-1,0.3123816914688815
1,0.7925797563859691
-1,0.022928944533854967
-1,0.2580405409672437
-1,0.03963726480911722
-1,0.23480011977660986
-1,0.2949558411668809
-1,0.15338163788820758
-1,0.0
-1,0.24271316688673217
-1,0.0
-1,0.06885706136830771
-1,0.10051822165004642
1,1.0
-1,0.0
-1,0.1763445995694255
-1,0.22550585601167095
-1,0.12939936178800027
-1,0.0719292097967772
-1,0.17625554725993853
-1,0.19581026691639014
-1,0.0
-1,0.0
-1,0.0
-1,0.018985607137764315
-1,0.0
-1,0.0
-1,0.32599180271657824
-1,0.4156007471175198
-1,0.24078671284846065
-1,0.16753419915580192
-1,0.33258818404298474
-1,0.33807128990618596
-1,0.40441110766818733
-1,0.0
-1,0.0010328959752698985
-1,0.0
-1,0.3779103727012574
-1,0.49148058697290153
-1,0.0
-1,0.09017046216240532
-1,0.07988657443350622
-1,0.046139038680245825
-1,0.2036846300362356
1,0.5348352430398706
-1,0.0
-1,0.0
-1,0.046168532082905056
-1,0.43201253502642656
-1,0.0
-1,0.0
1,0.5686007387785197
-1,0.0
1,0.5283167944220586
-1,0.0
-1,0.0
-1,0.3321419584487426
-1,0.0
-1,0.0
-1,0.12274280743929866
-1,0.0
-1,0.0
-1,0.0
-1,0.12529112652708596
-1,0.13722932076287941
-1,0.2219581123081098
-1,0.17542857818496804
-1,0.0
-1,0.0
-1,0.0682068195179375
-1,0.2885722404519586
-1,0.495391648206323
-1,0.0
-1,0.11422959359494778
1,0.5819192338890553
-1,0.2651526009525704
-1,0.22928743704182475
-1,0.45395661433935475
1,0.6416829812530556
-1,0.0
-1,0.0
-1,0.0
-1,0.0
-1,0.0
-1,0.1854064641694375
-1,0.0
-1,0.0
-1,0.42833855165245627
-1,0.345361517614279
-1,0.35121946770618706
-1,0.0
-1,0.18064120405048945
-1,0.0
-1,0.42466172339785446
-1,0.4391735970948676
-1,0.48183068007833363
-1,0.35430103221654496
-1,0.22445659411269192
1,0.8908078191262996
-1,0.4178893771893386
1,0.7379952138236336
-1,0.38200202701946573
-1,0.0
-1,0.45697530507016726
-1,0.0993002901082618
-1,0.08460424828269675
-1,0.2987657187214747
-1,0.15969664666677952
-1,0.34049468732989707
-1,0.2203223002044168
-1,0.024992520758963632
1,0.5875011743849443
-1,0.2645833559261357
-1,0.09957423249924213
-1,0.0
-1,0.4010332781643502
-1,0.44929107581581684
-1,0.0
-1,0.2716418938598997
-1,0.10323944359765402
-1,0.009108383211987814
-1,0.0
-1,0.0
-1,0.0
-1,0.0
-1,0.0
-1,0.2530176129270316
-1,0.3445857543140951
-1,0.4847844526441669
-1,0.07295780210921388
-1,0.392631566931648
-1,0.2811559349890089
-1,0.3934857771335225
-1,0.0
-1,0.0
-1,0.3619103182528396
-1,0.05454818186046406
-1,0.0013734515278192028
1,0.6176091476203331
-1,0.156442613016615
-1,0.0
-1,0.272380467945295
-1,0.1378547586452341
-1,0.0
-1,0.0
1,0.575026702191543
-1,0.0
-1,0.0
-1,0.0
-1,0.0
-1,0.0
-1,0.0
-1,0.022434479068361046
-1,0.0
-1,0.0
-1,0.3833072602970873
-1,0.0
-1,0.0
-1,0.0
-1,0.0
-1,0.22700209181613396
-1,0.0
-1,0.4368879307572753
-1,0.00432788310443355
-1,0.0
-1,0.3204728552482563
-1,0.0
-1,0.09456985068635992
-1,0.0
1,0.600895528020772
-1,0.06251429355500493
-1,0.22463880171887762
-1,0.0
-1,0.0
-1,0.1712174173673664
-1,0.0530025356755468
-1,0.0
-1,0.38789464548369645
-1,0.027594744734783738
-1,0.0
-1,0.0
-1,0.00334376569868855
-1,0.2595496656967291
-1,0.20127958935595736
-1,0.0
-1,0.0
-1,0.15255212879931213
-1,0.06724826945555584
-1,0.14784840649306163
-1,0.24070559547983983
-1,0.1566224090105348
-1,0.0
-1,0.0
-1,0.0
1,0.6472097457410042
-1,0.05155012031559014
-1,0.0
-1,0.3566609079805785
-1,0.2812673445878846
-1,0.23971228855981375
-1,0.1904317984028321
-1,0.31159420052676046
-1,0.0
-1,0.47598368180742456
-1,0.0
-1,0.0
-1,0.08078118744445906
-1,0.0
1,0.8595078033627415
-1,0.11919244687033981
-1,0.1685114981068616
-1,0.029210116105009565
1,0.5642141578779158
-1,0.0927933490777555
-1,0.04537874838057565
-1,0.0
1,0.5394319038539188
-1,0.0
-1,0.09736299721956332
-1,0.3942575458360804
-1,0.33345420229057776
-1,0.0
-1,0.07225283054730802
-1,0.2280498246543532
1,0.6747950653796702
-1,0.2260225894174508
1,0.675563460271249
-1,0.33951299543176905
-1,0.26098547493664404
-1,0.0
-1,0.0
1,0.5069909892740165
-1,0.3494748074525167
-1,0.0
-1,0.0
-1,0.0
1,0.8548105141637079
-1,0.15693254227865383
-1,0.0
-1,0.3329279895428181
-1,0.0310693331602363
-1,0.24968742198820637
-1,0.16367010748238808
-1,0.0
-1,0.16705746090067253
-1,0.3901653329944259
-1,0.0
1,0.746811028544629
-1,0.027207984239932426
-1,0.0
-1,0.47821067284023355
-1,0.12107552706214353
-1,0.35275416837729656
1,0.6522240185659425
-1,0.013306694772019512
-1,0.2515695478570321
-1,0.05551249352312393
-1,0.472167658104647
-1,0.0
1,0.8629971679355521
-1,0.3828535824654251
-1,0.0
-1,0.0
-1,0.0
-1,0.16397627412517934
-1,0.056807948374081096
-1,0.0
-1,0.0
-1,0.4940571146128132
-1,0.1651701479082348
-1,0.0
-1,0.47952391517517023
-1,0.47501325979141695
-1,0.0
-1,0.0883711473734965
-1,0.0066738088582054544
-1,0.07940988236671043
-1,0.06762218573109591
-1,0.0
-1,0.03804819981630425
-1,0.0
-1,0.0
-1,0.17808375760186657
-1,0.0
-1,0.0
1,0.8103291894234814
-1,0.0
-1,0.10910020072612392
-1,0.07398717108379138
-1,0.0
1,1.0
-1,0.3280254536388889
-1,0.42020331806671196
1,0.5996747221867071
1,0.5029685695995423
-1,0.230059714196857
-1,0.0
-1,0.0
-1,0.0
-1,0.0
-1,0.058607949641146906
-1,0.04466522147355878
-1,0.0
-1,0.0
-1,0.13121486036316377
-1,0.046346877231556505
-1,0.0
-1,0.0
-1,0.37193619180261583
-1,0.2785936536269453
-1,0.43660097018626676
-1,0.0
-1,0.34373490879961643
-1,0.0
-1,0.0
-1,0.05943258030226417
-1,0.0127304236719743
-1,0.1308675534901802
1,0.7947735584429352
-1,0.3065335631422519
-1,0.0
-1,0.0
-1,0.01915856130878657
-1,0.10404849588544662
-1,0.0
-1,0.0
-1,0.0
-1,0.16996817930991348
-1,0.18938101493324222
-1,0.21327727346491576
-1,0.0
-1,0.23753159487529718
-1,0.3619547886230543
-1,0.15966238354864348
-1,0.0
-1,0.05473609782017386
1,0.6101002425602906
-1,0.0
-1,0.40033141482664103
-1,0.0
-1,0.1443241158882218
1,0.5469736957844917
-1,0.0
-1,0.03770269298361395
-1,0.0
-1,0.4525298088428711
-1,0.0
-1,0.49416854267006194
-1,0.0
-1,0.0
-1,0.4525746383159235
-1,0.12777271888465247
-1,0.0
-1,0.13427140890092115
1,0.5311737430534631
-1,0.07711249935904352
-1,0.0
-1,0.47524380079301576
-1,0.27478612037390926
-1,0.21080495346183836
-1,0.27088456847428954
-1,0.04161118570144451
-1,0.38120066640774297
-1,0.1590139986269805
-1,0.0
-1,0.21474816010655484
-1,0.4678320331567396
-1,0.053312764690649495
-1,0.23296830765710608
-1,0.0
-1,0.38192672411830886
-1,0.06948974305054811
-1,0.0
-1,0.0
-1,0.23979454877767248
-1,0.33323584937887496
-1,0.0
-1,0.0
1,0.6243555928199029
-1,0.0
-1,0.32198579297532115
-1,0.41611771937297215
-1,0.22390684799782878
-1,0.0
-1,0.12144955738548857
-1,0.0
-1,0.3876835529470122
1,0.9169634563164415
-1,0.2323287416619566
-1,0.2749757612818229
-1,0.0
-1,0.0
1,0.523542743117889
-1,0.3180052238476829
1,0.987239386824236
-1,0.019144246953520128
-1,0.0
-1,0.0
-1,0.0
-1,0.0
-1,0.11816517833761253
-1,0.0
-1,0.0
-1,0.0
-1,0.0
-1,0.1386658272404966
-1,0.1777530045976401
-1,0.1272287289943561
-1,0.12201864086894565
-1,0.0
-1,0.0
-1,0.3166026145803582
-1,0.0
1,1.0
-1,0.0
-1,0.23182240855507397
-1,0.1454315192977318
-1,0.08988321369043772
-1,0.0
-1,0.0
-1,0.21359363281004917
-1,0.0
1,0.7158073751963765
-1,0.0
-1,0.033742619736144785
-1,0.44368839045585107
-1,0.30371164611051116
-1,0.0
-1,0.444592424386252
-1,0.04278133755556457
-1,0.0011880987632406637
-1,0.4085996620529109
-1,0.0
-1,0.17643276120582874
-1,0.0
-1,0.1512620094672208
-1,0.0
-1,0.0
-1,0.2186061158973711
-1,0.321878634715004
1,0.8181236754810537
-1,0.0950960716478022
1,0.5258682120630098
-1,0.0
-1,0.0
-1,0.0
-1,0.0
-1,0.39610566753544685
1,0.7480281143761593
-1,0.10782416226190739
-1,0.0
-1,0.020822619436977163
-1,0.0
-1,0.0
-1,0.0
-1,0.0
1,0.5658309778028925
-1,0.0
-1,0.0
1,0.5149363343561824
-1,0.10471537545586118
-1,0.18114237666930322
-1,0.40667398692516654
-1,0.049332618430939945
-1,0.3862615245293899
-1,0.0
-1,0.0
1,0.6494508280323412
-1,0.0
1,0.958387477434612
-1,0.03062281741048034
1,0.5480692060667063
-1,0.0
-1,0.0
-1,0.4524419684002208
-1,0.27340824070209013
-1,0.21068501935870287
-1,0.0
-1,0.0
-1,0.10294050114525355
-1,0.0
-1,0.0
-1,0.44810869822732524
-1,0.418007146213228
